txn_id,day,hour,type,amount,sender_id,receiver_id,risk_score,reasons
138560,1,10,TRANSFER,1933920.8,C1706582969,C461905695,15,R4 large amount
920522,2,18,TRANSFER,1395850.55,C1296215617,C1429415136,15,R4 large amount
25876,1,7,TRANSFER,1078013.76,C1026280121,C277510102,25,"R4 large amount, R6 new receiver"
60854,1,8,TRANSFER,994453.2,C1121789613,C254839817,0,""
750756,2,13,CASH_OUT,577418.98,C1907944035,C541373010,10,R6 new receiver
424929,1,17,CASH_OUT,508782.2,C576782065,C2090737806,0,""
200846,1,12,CASH_OUT,454859.39,C1274887619,C2146670328,0,""
725,1,0,CASH_OUT,416001.33,C749981943,C667346055,25,"R3 night time, R6 new receiver"
764188,2,13,CASH_OUT,407005.78,C1948189565,C1059308371,10,R6 new receiver
2058344,8,12,CASH_OUT,332729.54,C645124798,C1797918851,0,""
408956,1,17,CASH_OUT,314251.58,C1462280812,C90486891,0,""
2622103,9,15,CASH_OUT,291519.84,C485214392,C1138105020,0,""
77746,1,9,CASH_OUT,277970.88,C489647033,C571514738,0,""
694552,2,11,CASH_OUT,234377.29,C1737133410,C877378703,0,""
2242700,8,17,CASH_OUT,229909.57,C260366436,C1620159110,10,R6 new receiver
178669,1,11,CASH_OUT,222048.71,C265790428,C1700442291,10,R6 new receiver
1021952,2,22,TRANSFER,202978.65,C1932446672,C966173999,0,""
14862,1,7,CASH_OUT,181728.11,C2102265902,C789014007,10,R6 new receiver
169999,1,11,CASH_OUT,149668.66,C227115333,C460735540,0,""
1912,1,0,CASH_OUT,132842.64,C13692003,C297927961,15,R3 night time
217979,1,12,TRANSFER,123194.95,C2143112877,C1755380031,0,""
479637,1,18,CASH_OUT,122101.57,C149845822,C1200316948,10,R6 new receiver
732892,2,12,CASH_OUT,112486.46,C124687089,C179706450,0,""
643672,2,10,CASH_OUT,112280.88,C609821524,C708118422,0,""
291460,1,14,CASH_OUT,95428.32,C947728507,C1720721903,0,""
2983494,10,14,CASH_OUT,94372.61,C1451318490,C421443093,0,""
559980,1,21,CASH_OUT,89571.46,C1022920965,C1460548505,0,""
377152,1,16,CASH_OUT,42062.82,C897869440,C616721459,0,""
2946482,10,13,CASH_OUT,40611.22,C1617773163,C478307499,10,R6 new receiver
296687,1,14,CASH_OUT,39713.28,C1404885898,C1795377601,0,""
543929,1,20,CASH_OUT,23292.3,C1861214292,C1834461593,0,""
